isbn,title,subtitle,writer,print
4-7676-1211-X,土木工事積算基準,平成26年度,東日本高速道路（株）/ 中日本高速道路（株）/ 西日本高速道路（株）,（株）高速道路総合技術研究所
4-7973-5823-8,標準テキスト　Windows Server 2012 R2,構築・運用・管理パーフェクトガイド,知北　直宏,SBクリエイティブ
4-7973-7267-2,自閉症スペクトラム,10人に１人が抱える「生きづらさ」の正体,本田　秀夫,SB新書
4-7981-3948-3,マスタリング Vmware vSphere 5.5,,スコット・ローウィ / ニック・マーシャル,翔泳社
4-8222-6890-X,すべてわかるストレージ大全,SDS／フラッシュが切り開くビッグデータの高度活用,日経コンピュータ／ITpro／日経SYSTEMS,日経BP社
978-0-321-55346-1,Eclipse Plug-ins (3rd Edition),Building Commercial-Quality Plug-ins (Eclipse Series),Eric Clayberg/Dan Rubel,Addison-Wesley
978-0-470-63517-9,Pentaho Kettle Solutions,Building Open Source ETL Solutions with Pentaho Data Integration,Matt Casters、 Roland Bouman、 Jos van Dongen,WILEY
978-0-735-62562-4,MCTS EXAM 70-562 SELF-PACED Training Kit,Microsoft. NET Framwork 3.5-ASP.NET Application Development,Mike Shell、 Glenn Jonson、 Tony Northrup、 and GrandMasters,Microsoft Press
978-1-634-62117-5,Data Lake Architecture,Designing the Data Lake and Avoiding the Garbage Dump,Bill Inmon,Technics Publications
978-1-933-89068-5,プロジェクトマネジメント知識体系ガイド,PMBOKガイド　第4版,Project Management Institute、 Inc.,Project Management Institute、 Inc.
978-4-048-66067-9,オープンソース・クラウド基盤OpenStack入門,構築・利用方法から内部構造の理解まで,中井悦司、中島倫明,KADOKAWA
978-4-048-66202-4,高速スケーラブル検索エンジン ElasticSearch Server,中級技術者向け,ラファルカーク、マレクロゴジンスキー,KADOKAWA
978-4-048-68476-7,Oracle Database 11g 新機能ガイド,Release 2 対応,篠田　典良/日本オラクル株式会社,アスキーメディアワークス
978-4-048-91985-2,Chef活用ガイド,コードではじめる構成管理,澤登亨彦、樋口大輔,KADOKAWA
978-4-061-83630-3,企業参謀,(講談社文庫),大前　研一,講談社文庫
978-4-122-04737-2,人と企業の新の価値を高めるヒント,,大久保　寛司,中公文庫
978-4-254-27005-1,サプライ・チェインの設計と管理,コンセプト 戦略・事例,D.スミチ・レビ/P.カミンスキ/E.スミチ・レビ/久保　幹雄 監修,朝倉書店
978-4-274-50099-2,リスクプリベンション工学,技術者の危機管理学,植木　正憲/矢部　五郎/井出川　洋,オーム社
978-4-274-50226-2,ISO9001 内部品質監査の実務知識早わかり,改訂4版 （ISO9001-2008年版準拠）,大浜　庄司,オーム社
978-4-303-52820-1,造船幾何学,造船設計の基礎知識,慎　燦益,海文堂
978-4-322-11731-8,SEのための銀行三大業務入門,図解で学ぶ,室　勝,金融財政事情研究会
978-4-322-12122-3,カード決済業務のすべて,ペイメントサービスの仕組みとルール,山本　正行,金融財政事情研究会
978-4-334-03488-7,新入社員はなぜ「期待はずれ」なのか,失敗しないための採用・面接・育成,樋口　弘和,光文社新書
978-4-339-02395-4,マルチエージェント学習,相互作用の謎に迫る,高玉圭樹,コロナ社
978-4-391-63026-8,NHKためしてガッテン科学のワザで確実にやせる。,失敗しない!目からウロコのダイエット術 (主婦と生活生活シリーズ),NHK科学・環境番組部、主婦と生活社(編纂),主婦と生活社
978-4-398-68067-9,震災時帰宅支援マップ 首都圏版 (2013年5版),防災マップ|昭文社/マップル,昭文社,昭文社
978-4-425-56071-4,海洋底掘削の基礎と応用,海中技術シリーズ1,(社)日本船舶海洋工学会 海中技術研究委員会(編),城山堂書店
978-4-425-71382-0,英和版　船体構造イラスト集（新装版）,Illustrations of Hull Structures,恵美　洋彦,成山堂書店
978-4-425-71383-7,英和版新船体構造イラスト集,,惠美洋彦,成山堂書店
978-4-425-71431-5,船舶算法と復原性,船舶海洋工学シリーズ1,池田　良穂 / 古川　芳孝 / 片山　徹/勝井　辰博 / 村井　基彦 / 山口　悟,城山堂書店
978-4-425-71481-0,船体構造　構造編,船舶海洋工学シリーズ6,藤久保　昌彦 / 吉川　孝男/深沢　塔一 / 大沢　直樹 / 鈴木　英之,城山堂書店
978-4-425-71491-9,船体構造　強度編,船舶海洋工学シリーズ7,藤久保　昌彦/吉川　孝男/深沢　塔一/大沢　直樹/後藤　浩二,城山堂書店
978-4-425-71531-2,船舶性能設計,船舶海洋工学シリーズ11,萩原　誠功/山崎　正三郎/芳村　康男/足立　宏之,城山堂書店
978-4-425-71541-1,海洋構造物,船舶海洋工学シリーズ12,飯島　一博/鈴木　孝之/高木　健/井上　俊司/岡田　真三/他,城山堂書店
978-4-433-54045-6,Q&Aマイナンバーのセキュリティ対策,ITを活用した安全管理のすべて,武本敏,清文社
978-4-478-00496-8,グロービス　MBAマネジメント・ブック,改訂3版,グロービス経営大学院,ダイヤモンド社
978-4-478-00553-8,問題解決プロフェッショナル「思考と技術」,思考と技術,齋藤嘉則,ダイヤモンド社
978-4-478-01474-5,グロービス　MBAビジネスプラン,新版,グロービス経営大学院,ダイヤモンド社
978-4-478-03916-8,受注を勝ち取るための外資系「提案」の技術,日本人の知らない世界標準メソッド,式町久美子,ダイヤモンド社
978-4-478-38040-6,トヨタ経営システムの研究,永続的成長の原理,日野　三十四,ダイヤモンド社
978-4-478-41023-3,マネジメント[エッセンシャル版],基本と原則,ピーター・F・ドラッカー 、 上田 惇生 (翻訳),ダイヤモンド社
978-4-478-49027-3,考える技術・書く技術,問題解決力を伸ばすピラミッド原則,バーバラ・ミントグロービス・マネジメント・インスティテュート（監修）、山﨑　康司（訳）,ダイヤモンド社
978-4-478-49034-1,問題発見プロフェッショナル,「構想力と分析力」,斎藤嘉則,ダイヤモンド社
978-4-478-76099-4,ザ・マインドマップ,脳の力を強化する思考技術,トニー・ブザン 、 バリー・ブザン 、 神田 昌典 (翻訳),ダイヤモンド社
978-4-489-02000-1,入門はじめての多変量解析,,石村 貞夫／石村 光資郎,東京図書
978-4-492-53112-9,ロジカル・シンキング,論理的な思考と構成のスキル,照屋華子、岡田恵子,東洋経済新報社
978-4-492-55527-9,マッキンゼー流プレゼンテーションの技術,SAY IT WITH PRESENTATIONS,ジーン・ゼラズニー,東洋経済新報社
978-4-492-55555-2,仮説思考,BCG流問題発見・解決の発想法,内田和成,東洋経済新報社
978-4-492-55652-8,プロの課題設定力,,清水　久三子,東洋経済
978-4-492-55655-9,論点思考,BCG流問題設定の技術,内田　和成,東洋経済新報社
978-4-492-58103-2,ＩＴ ロードマップ　２０１４年版,情報通信技術は５年後こう変わる！,野村総合研究所　先端ＩＴイノベーション部,東洋経済新報社
978-4-492-68130-5,SWIFTのすべて,,中島　真志,東洋経済新報社
978-4-492-97226-7,就職四季報（女子版）　2013年版,,東洋経済新報社,東洋経済新報社
978-4-492-97227-4,就職四季報（女子版） 2014年版,,東洋経済新報社,東洋経済新報社
978-4-502-23190-2,造船・重機械業の会計実務,,あずさ監査法人,中央経済社
978-4-502-68920-8,世界で勝ち抜くためのグローバル人材の育成と活用,,デロイト トーマツ コンサルティング,中央経済社
978-4-526-06557-6,見える化でわかる開発段階の製品原価管理,,小川正樹,日刊工業新聞社
978-4-532-11273-8,雇用法改正,人事・労務はこう変わる,安西愈,日本経済新聞出版社
978-4-532-31288-6,ファシリテーション・グラフィック,議論を見える化する技法,堀　公俊／加藤　彰,日本経済新聞出版社
978-4-534-04083-1,よくわかる保険業界,(業界の最新常識),満野　龍太郎,日本実業出版社
978-4-534-04562-1,3分でわかるクリティカル・シンキングの基本,,小川進、平井孝志,日本実業出版社
978-4-534-04754-0,SEが基礎から学ぶ金融システムの教科書,,山本　統一,日本実業出版社
978-4-534-05072-4,「それ、根拠あるの?」と言わせないデータ・統計分析ができる本,,柏木吉基,日本実業出版社
978-4-539-74522-9,年末調整の仕方と1月の源泉徴収事務〈21年版〉,はじめての人にもよくわかる,木本　正樹（偏）,日本法令
978-4-539-74531-1,初心者にもよくわかる給与計算マニュアル〈22年版〉,,日本法令　編,日本法令
978-4-539-74552-6,はじめての人にもよくわかる年末調整の仕方と1月の源泉徴収事務〈23年版〉,源泉所得税の改正のあらまし　23年版,岡本　勝秀 編,日本法令
978-4-539-74566-3,はじめての人にもよくわかる年末調整の仕方と1月の源泉徴収事務〈24年版〉,,木本 正樹,日本法令
978-4-539-74571-7,初心者にもよくわかる給与計算マニュアル〈25年版〉,,日本法令,日本法令
978-4-539-74576-2,25年版 年末調整の仕方と1月の源泉徴収事務,,岡本　勝秀　編,日本法令
978-4-539-74599-1,初心者にもよくわかる給与計算マニュアル,27年版,日本法令,日本法令
978-4-539-74603-5,はじめての人にもよくわかる年末調整の仕方と1月の源泉徴収事務,27年版,岡本勝秀、杉尾充茂,日本法令
978-4-539-74615-8,はじめての人にもよくわかる年末調整の仕方と１月の源泉徴収事務,２８年版,岡本勝秀,日本法令
978-4-542-30636-3,こうすれば効果が上がるISO 9001内部監査指摘ノウハウ集,,福丸　典芳,日本規格協会
978-4-542-50179-9,組織が機能するマネジメントシステム監査力―ISO19011:2011(JIS Q 19011:2012)の解説と活用方法,Management system ISO series,福丸　典芳,日本規格協会
978-4-542-70177-9,ISO/IEC27002:2013(JIS Q 27002:2014)情報セキュリティ管理策の実践のための規範解説と活用ガイド,,中尾康二、北原幸彦、竹田栄作、中野初美,日本規格協会
978-4-569-67060-7,ロジカルシンキングのノウハウ・ドゥハウ,,HRインスティテュート、野口　吉昭（編）,PHP文庫
978-4-569-67061-4,プレゼンテーションのノウハウ・ドゥハウ,PHP文庫,HRインスティテュート、野口　吉昭（編）,PHP研究所
978-4-621-06231-9,確率論的リスク解析,基礎と方法,T.ベッドフォード 、 R.クック,シュプリンガー・ジャパン
978-4-641-10473-0,六法全書 平成25年版　,I(1)&II(2),西田 典之/高橋 宏志/能見 善久,有斐閣
978-4-766-42179-8,デザイン・ストラクチャー・マトリクスDSM,複雑なシステムの可視化とマネジメント,スティーブン・D. エッピンジャー、タイソン・R. ブラウニング,慶應義塾大学出版会
978-4-766-85607-1,証券　３級問題解説集,,銀行業務検定協会（編）,経済法令研究会
978-4-766-85661-3,保険販売　３級問題解説集,,銀行業務検定協会（編）,経済法令研究会
978-4-767-61224-9,国土交通省土木工事積算基準 平成24年度版 (2012),,国土交通省 大臣官房 技術調査課,建設物価調査会
978-4-767-61225-6,国土交通省土木工事積算基準〈平成25年度版〉,,国土交通省大臣官房技術調査課,建設物価調査会
978-4-767-61226-3,国土交通省土木工事積算基準〈平成26年度版〉,,国土交通省大臣官房技術調書課 　監修,建設物価調査会
978-4-767-61228-7,国土交通省土木工事積算基準 （平成28年度版）,,国土交通省大臣官房技術調査課,建設物価調査会
978-4-767-67013-3,建設機械等損料表,平成25年度版,建設物価調査会,日本建設機械施工協会
978-4-767-67014-0,建設機械等損料表,平成26年度版,建設物価調査会,日本建設機械施工協会
978-4-774-11966-3,Excel　2003 VBA　基礎編,かんたんプログラミング,大村　あつし,技術評論社
978-4-774-13567-0,改訂版 Excel VBAポケットリファレンス,POCKET REFERENCE,前田　智美,技術評論社
978-4-774-15499-2,かんたんAndroidアプリ作成入門,プログラミングの教科書,朝井　淳,技術評論社
978-4-774-15680-4,パーフェクトC#,,醍醐竜一、斉藤友男,技術評論社
978-4-774-15715-3,C++ポケットリファレンス,,高橋晶、安藤敏彦、一戸優介、楠田真矢、道化師、湯朝剛介,技術評論社
978-4-774-16286-7,インフラデザインパターン,安定稼動に導く127の設計方式,杉原健郎、吉田一幸、岩崎賢治、三浦広志、吉田佐智男,技術評論社
978-4-774-16335-2,Android SDKポケットリファレンス,,しげむらこうじ,技術評論社
978-4-774-16424-3,サーバ/インフラエンジニア養成読本,管理/監視編,養成読本編集部,技術評論社
978-4-774-16500-4,Chef実践入門,コードによるインフラ構成の自動化,吉羽龍太郎、安藤祐介、伊藤直也、菅井祐太朗、並河祐貴,技術評論社
978-4-774-16570-7,情報セキュリティスペシャリストパーフェクトラーニング過去問題集,平成26年度【秋期】,エディフィストラーニング,技術評論社
978-4-774-17266-8,FortiGate完全攻略,セキュリティアプライアンスNo. 1,椎屋淳伸,技術評論社
978-4-774-17521-8,Palo Alto Networks構築実践ガイド,次世代ファイアウォールの機能を徹底活用,三輪賢一、伊原智仁、前川峻平、内藤裕之、福井隆太,技術評論社
978-4-774-18037-3,統計・防災・位置情報がひと目でわかるビーコンアプリの作り方,,市川博康、竹田寛郁,技術評論社
978-4-774-18316-9,パーフェクトJava EE,,井上誠一郎、槙俊明、上妻宣人、菊田洋一,記述評論社
978-4-782-30218-7,プレゼンテーション,言語表現能力の開発 [改訂版],佐藤 啓子 、 立川 コリン 、 大窪 久代 、 篠崎 一郎 、 伊藤 久美子 、 箱崎 洋子 、 箱崎 雅子,嵯峨野書院
978-4-797-35823-0,Windows Server 2008 R2構築・運用・管理パーフェクトガイド,標準テキスト,知北　直宏,ソフトバンククリエイティブ
978-4-797-37351-6,インフラ/ネットワークエンジニアのためのネットワーク技術＆設計入門,,みやたひろし,SBクリエイティブ株式会社
978-4-797-37698-2,マッキンゼー流 入社1年目ロジカルシンキングの教科書,,大嶋祥誉,SBクリエイティブ
978-4-797-38048-4,ルーティング＆スイッチング標準ハンドブック,一番大切な知識と技術が身につく,Gene、作本和則,SBクリエイティブ
978-4-797-38262-4,すべての仕事は「問い」からはじまる,たった１秒の「問題解決」思考,大嶋祥誉,SBクリエイティブ
978-4-797-38284-6,インフラ/ネットワークエンジニアのためのネットワーク・デザインパターン,実務で使えるネットワーク構成の最適解２７,みやたひろし,SBクリエイティブ
978-4-797-38449-9,Pepperプログラミング,基本動作からアプリの企画・演出まで,ソフトバンクロボティクス村山龍太郎、谷沢智史、西村一彦,SBクリエイティブ
978-4-798-01800-3,入門 LDAP/OpenLDAP,ディレクトリサービス導入・運用ガイド,ディージー・ネット,秀和システム
978-4-798-02224-6,ExcelVBA辞典プログラミング 実践編〈2002/2003/2007対応〉,Office2007Dictionary Series,常見　美保,秀和システム
978-4-798-02329-8,ASP.NET 3.5+jQuery Ajax実践サンプル集,,葛西　秋雄,秀和システム
978-4-798-02401-1,ASP.NET MVC　実践プログラミング,.NET Frameworkによる標準Web開発技法,山田　祥寛,秀和システム
978-4-798-02441-7,図解入門 よくわかる最新信頼性手法の基本,基礎から学ぶ信頼性の基礎技術リコール問題を解決！,榊原　哲,秀和システム
978-4-798-02548-3,Lotus Domino Designer 8.5開発者ガイド,,佐藤　権一/西塚　麻弥/上ノ山　俊秀/北楯　良子,秀和システム
978-4-798-02607-7,Lotus Domino Designer 8.5管理者ガイド,,松尾　圭浩,秀和システム
978-4-798-02655-8,Python入門,2&3対応,エスキュービズム,秀和システム
978-4-798-03211-5,図解入門ビジネス 最新ISO9001の基本と実践がよーくわかる本,品質マネジメントシステムの国際規格 How‐nual Business Guide Book,打川　和男,秀和システム
978-4-798-03398-3,文書管理を効率化！ISO9001文例集,,打川　和男,秀和システム
978-4-798-03817-9,IBM Notes 9.0 Social Editionクライアントガイド,,佐藤権一,秀和システム
978-4-798-03823-0,医薬品業界の動向とカラクリがよ～くわかる本,激変する業界の動向がわかる【第3版】トピックで業界の今を読む！,荒川　博之,秀和システム
978-4-798-04038-7,はじめてのFileMaker Pro13,BASIC MASTER SERIES,Studio ノマド,秀和システム
978-4-798-04093-6,IBM Domino9.0SocialEdition管理者ガイド,,松尾圭浩,秀和システム
978-4-798-04216-9,わかりやすいJavaEEｳｪﾌﾞｼｽﾃﾑ入門,,川場隆,秀和システム
978-4-798-04388-3,JavaScript Web開発ﾊﾟｰﾌｪｸﾄﾏｽﾀｰ,,金城俊哉,秀和システム
978-4-798-04427-9,現場ですぐに使える!Swift逆引き大全555の極意,,増田智明、池谷京子,秀和システム
978-4-798-04553-5,図解入門ﾋﾞｼﾞﾈｽ最新ISO9001 2015のすべてがよくわかる本,,打川和男,秀和システム
978-4-798-10553-6,エンタープライズアプリケーションアーキテクチャパターン,,マーチン・ファウラー、長瀬　嘉秀（訳）、テクノロジックアート（訳）,（株）翔泳社
978-4-798-11292-3,SQL Server 2005 ストアドプロシージャプログラミング,SQL Server Books,デヤン・サンデリック /NRIラーニングネットワーク株式会社 沖 要知(監修)、/トップスタジオ(翻訳),翔泳社
978-4-798-11967-0,SQL Server 2008（試験番号:70-432）,マイクロソフト認定技術資格試験学習書 MCＰ教科書,沖　要知,（株）翔泳社
978-4-798-12054-6,マスタリングJavaEE5,開発生産性を高めるJavaフレームワークの標準仕様,斉藤賢哉,翔泳社
978-4-798-12241-0,Oracle WebLogic Server 11g 構築・運用ガイド,,伊藤忠テクノソリューションズ株式会社/日本オラクル株式会社,翔泳社
978-4-798-12460-5,Beginning Java EE 6,GlassFish3で始めるエンタープライズJava,Antonio Goncalves,翔泳社
978-4-798-12630-2,10日でおぼえるAndroidアプリ開発入門教室 第2版,AndroidSDK 4/3/2対応,寺園　聖文,翔泳社
978-4-798-12862-7,オラクル認定資格教科書　Javaプログラマ Silver SE 7,,山本道子,翔泳社
978-4-798-12971-6,SCRUM BOOT CAMP THE BOOK,,西村直人、永瀬美穂、吉羽龍太郎,翔泳社
978-4-798-13179-5,C#プログラマのための.NETアプリケーション最適化技法,,Sasha Goldshtein、Dima Zurbalev、Ido Flatow,翔泳社
978-4-798-13336-2,小さな会社のFileMakerデータベース作成・運用ガイド Pro13/12/11/10対応,Small Business Support,株式会社キクミミ　富田　宏昭,翔泳社
978-4-798-13410-9,情報処理教科書 情報セキュリティスペシャリスト 2014年版,,上原孝之,翔泳社
978-4-798-13451-2,Androidアプリ開発逆引きレシピ,プロが選んだ三ツ星レシピ,株式会社 Re:Kayo-System,翔泳社
978-4-798-13558-8,Citrix XenDesktop デスクトップ＆アプリケーション仮想化 実践ガイド,,シトリックス・システムズ・ジャパン株式会社,翔泳社
978-4-798-13680-6,マスタリングVMware vSphere 5.5,,スコットローウィ、ニックマーシャル,翔泳社
978-4-798-13850-3,情報セキュリティスペシャリスト,情報処理教科書 2015年版,上原孝之,翔泳社
978-4-798-13882-4,HBase徹底入門 Hadoopクラスタによる高速データベースの実現,,株式会社サイバーエージェント鈴木俊裕、梅田永介、柿島大貴,翔泳社
978-4-798-14138-1,作ればわかる！Androidプログラミング 第3版 SDK5/Android Studio対応 10の実践サンプルで学ぶAndroidアプリ開発入門,,金宏和實,翔泳社
978-4-798-14259-3,VMware徹底入門 第4版,VMware vSphere 6.0対応,ヴイエムウェア株式会社,翔泳社
978-4-798-14760-4,DevOps導入指南 Infrastructure as Codeでチーム開発・サービス運用を効率化する,,株式会社リクルートテクノロジーズ、河村聖悟、北野太郎、中山貴尋、日下部貴章,翔泳社
978-4-798-14994-3,Ansible徹底入門 クラウド時代の新しい構成管理の実現,,平初、廣川英寿、橋本直哉、森田邦裕、渡部一宏,翔泳社
978-4-799-10432-3,アウトプットの質を高める　仮説検証力,,生方正也,すばる舎
978-4-800-71039-0,FileMaker Pro13 スーパーリファレンス,for Windows & Macintosh,野沢　直樹,ソーテック
978-4-800-71116-8,詳細!Swift2 iPhoneアプリ開発入門ノート,Swift2+Xcode7対応,大重美幸,ソーテック社
978-4-805-91344-4,安全衛生法令要覧,平成23年版,中央労働災害防止協会,中央労働災害防止協会
978-4-806-13190-8,企画書・提案書の上手な作り方―アピール力抜群!,すぐに使える中経実務Books,ｱｸﾄ経営問題研究ｸﾞﾙｰﾌﾟ山川　美穂子　他,中経出版
978-4-806-13346-9,仮説力が身につく入門テキスト,,西村　克己,中経出版
978-4-817-19517-3,ISO/IEC27001 情報セキュリティマネジメントシステム規格要求事項の徹底解説,,山崎哲、羽田卓郎,日科技連
978-4-822-21185-1,事例で学ぶ RFP作成術 実践マニュアル,,永井　昭弘,日経BP社
978-4-822-22535-3,図解マーケティングの教科書,,,日経BP社
978-4-822-22719-7,ネットマーケティング実践ガイドブック2011,,日経ネットマーケティング,日経BP社
978-4-822-22973-3,RFP & 提案書　完全マニュアル,,永井　昭弘,日経BP社
978-4-822-23132-3,実践 モジュラーデザイン 改訂版 (日経ものづくりの本),工場空洞化時代に勝ち進むために,日野　三十四,日経BP社
978-4-822-23913-8,Amazon Web Services完全ソリューションガイド,,大澤文孝、川上明久、大嶋和幸,日経BP社
978-4-822-24994-6,システム×デザイン思考で世界を変える,慶應SDM「イノベーションのつくり方」,前野隆司,日経BP社
978-4-822-26209-9,ITプロジェクトの「見える化」上流工程編,SEC BOOKS,情報処理推進機構(IPA）ソフトウェアエンジニアセンター（SEC）,日経BP社
978-4-822-26229-7,ITプロジェクトの「見える化」総集編,SEC BOOKS,情報処理推進機構(IPA）ソフトウェアエンジニアセンター（SEC）,日経BP社
978-4-822-26256-3,ITによる業務変革の「正攻法」 JFEスチールの挑戦,,安保　秀雄,日経BP社
978-4-822-27380-4,1億人のための統計解析,エクセルを最強の武器にする,西内啓,日経BP社
978-4-822-27502-0,ISO26262 実践ガイドブック 入門編,,ビジネスキューブ・アンド・パートナーズ /日経Automotive Technology(編集),日経BP社
978-4-822-27666-9,モデルベース開発,モデリング、プラント・モデル、コントロール・モデル,dSPACE Japan,日経BP社
978-4-822-28371-1,初めての Google Android プログラミング,サンプルで学ぶ必須作法と基本手順,ジェローム・ディマジオ 、 安生 真 (監修、 監修)、 土肥 拓生 (翻訳),日経BP社
978-4-822-29183-9,説得できる企画・提案200の鉄則,相手の行動変革をうながす知的生産はこう実践する,西田　徹,日経BP社
978-4-822-29407-6,Active Directory ID管理ガイド,Forefront Identity Manager 2010で実装するID統合管理ソリューション,中村　仁吏/山崎　淳一　著/待鳥　博志 監修・著,日経BP社
978-4-822-29813-5,ひと目でわかるVisual C# 2013/2012 アプリケーション開発入門,,伊藤達也、チームエムツー,日経BP社
978-4-822-29825-8,Windows Server 2012 R2テクノロジ入門,さらに進化したOSの新機能・機能強化の全貌,山内和朗,日経BP社
978-4-822-29828-9,ひと目でわかるActive Directory,Windows Server 2012 R2版,Yokota Lab Inc.,日経BP社
978-4-833-41664-1,経営参謀が明かす論理思考と発想の技術,知力アップ講座,後　正武,PHP文庫
978-4-839-92829-2,Oracle 11g　データベース構築バイブル,,水田　巴/ブリリアント・スタッフ,毎日コミュニケーションズ
978-4-839-92972-5,Eclipse 3.4 プラグイン開発徹底攻略,Eclipxd 3.4 Ganymede対応,竹添　直樹/志田　隆弘/里見　知宏/野沢　智也,毎日コミュニケーションズ
978-4-839-93414-9,iPhone&Androidクロスプラットフォームアプリケーション開発,スマートフォン用グラフィックスツール作成で学ぶ,鈴木　晃,毎日コミュニケーションズ
978-4-839-95911-1,実践AWS Lambda,「サーバレス」を実現する新しいアプリケーションのプラットフォーム,西谷 圭介,マイナビ出版
978-4-844-32610-6,Cisco WAN 実践ケーススタディ,IP-VAN・広域イーサからハイブリッドVPN・セキュリティ・運用管理まで,土屋　獅子生/竹田　直哉/生田　和正/木村　滋/牧瀬　隆之,インプレスジャパン
978-4-844-32730-1,Redmine　もっと手軽にプロジェクト管理！,プロジェクト管理入門からRedmine入門・運用・プラグイン開発まで,倉貫 義人/栗栖 義臣/並河 祐貴/前田 直樹,インプレスジャパン
978-4-844-32780-6,できるPRO VMware vSphere 4,できるPROシリーズ,渋谷 一郎/福留 真二/沢田 礼子/工藤 真臣 ＆できるシリーズ編集部,インプレスジャパン
978-4-844-33331-9,iPhone5アプリ事典530,SoftBank&au対応2013年版,リブロワークス,インプレスジャパン
978-4-844-33351-7,IT技術者なら知っておきたいストレージの原則と技術,,EMC Education Services,株式会社インプレスジャパン
978-4-844-33451-4,Smashing Android UI レスポンシブUIとデザインパターン,,Juhani Lehtimaki,株式会社インプレスジャパン
978-4-844-33565-8,Android Pattern Cookbook マーケットで埋もれないための差別化戦略,,あんざいゆき,株式会社インプレスジャパン
978-4-844-33711-9,詳解VMware NSX,ネットワーク仮想化の基礎と応用,進藤資訓、水本真樹、田中洋、横井智樹、高田和美、小椋康平,インプレス
978-4-844-33722-5,徹底攻略 応用情報技術者教科書 平成27年度,,株式会社わくわくスタディワールド　瀬戸美月,（株）インプレス
978-4-844-33961-8,Cisco ACI ポリシーベースのデータセンター,[アーキテクチャ/コンセプト/メソドロジー],Lucien Avramov CCIE 19945/ Maurizio Portolani,インプレス
978-4-845-21291-0,平成23年度版 まるわかり給与計算の手続きと基本,労政時報選書―まるわかりシリーズ,竹内　早苗,労務行政
978-4-845-21292-7,平成23年度版 まるわかり社会保険の手続きと基本,労政時報選書―まるわかりシリーズ,櫻田　篤人,労務行政
978-4-845-23353-3,2014年版 モデル賃金・年収と昇給・賞与(賃金資料シリーズ 1),労政時報選書,労務行政研究所,労務行政
978-4-845-23362-5,要員・人件費の戦略的マネジメント,７つのストーリーから読み解く,ﾃﾞﾛｲﾄ ﾄｰﾏﾂ ｺﾝｻﾙﾃｨﾝｸﾞ（株）著/岡本　努(監修),労務行政
978-4-845-25353-1,モデル賃金・年収と昇給・賞与 2016年版,賃金資料シリーズ①,労務行政研究所,労務行政
978-4-845-25361-6,職場のハラスメント,,中村　智子,労務行政
978-4-845-26271-7,仕事基準,人事改革の進め方,林　浩二,労務行政
978-4-845-26272-4,女性活躍推進,法対応と課題解決Q&A,労務行政研究所,労務行政
978-4-845-26352-3,モデル賃金・年収と昇給・賞与 2017年版,賃金資料シリーズ①,労務行政研究所,労務行政
978-4-845-27251-8,退職・解雇・雇止め　適正な対応と実務,,浅井 隆／小山 博章／森本 茂樹,労務行政
978-4-845-27252-5,2017年版　賃金・人事データ総覧,実務担当者をサポートする統計と解説,労務行政研究所,労務行政
978-4-862-53315-9,土木工事積算基準,平成25年度,東日本高速道路、中日本高速道路、西日本高速道路,高速道路総合技術研究所
978-4-862-76085-2,イシューからはじめよ,知的生産の「シンプルな本質」,安宅和人,英治出版
978-4-863-58102-9,どこでも学ぶ宅建　基本テキスト2011年度版,日建学院「宅建 一発合格！」シリーズ,日建学院,建築資料研究社
978-4-863-74100-3,土木施工単価,12-7月 夏号,一般財団法人　経済調査会,一般財団法人　経済調査会
978-4-865-94043-5,合格対策 AWS認定ソリューションアーキテクト,アソシエイト,大塚康徳,リックテレコム
978-4-873-11313-5,詳解 Linuxカーネル,第３版,Daniel P. Bonet / Marco Cesati,オライリー・ジャパン
978-4-873-11417-0,iPhone SDK アプリケーション開発ガイド,,Jonathan Zdziarski 、 近藤 誠 (監訳) (監修、 監修)、 武舎 広幸 (翻訳)、 武舎 るみ (翻訳),オライリージャパン
978-4-873-11428-6,アルゴリズム クイックリファレンス,,George T. Heineman、Gary Pollice、Stanley Selkow,オライリージャパン
978-4-873-11458-3,クラウドセキュリティ　＆　プライバシー,ﾘｽｸとｺﾝﾌﾟﾗｲｱﾝｽに対する企業の視点,Tim Mather 、 Subra Kumaraswamy 、 Shahed Latif 、 下道 高志(監訳) (翻訳)、 笹井 崇司 (翻訳),オライリージャパン
978-4-873-11629-7,Hadoop,第３版,トムホワイト,オライリー・ジャパン
978-4-873-11645-7,マスタリングNginx,,ディミトリー アイヴァリオティス,オライリージャパン
978-4-873-11693-8,ZooKeeperによる分散システム管理,,フラビオジュンケイラ、ベンジャミンリード,オライリー・ジャパン
978-4-873-11695-2,実践　Selenium WebDriver,,Satya Avasarala,オライリー・ジャパン
978-4-873-11705-8,詳解 Tomcat,,藤野圭一,オライリージャパン
978-4-877-60163-8,厚生行政関係　公益法人要覧,平成22年版,中島　孝司,国政情報センター
978-4-877-83209-4,X3Dグラフィックス,Web上で動く仮想世界を創る,広内　哲夫,カットシステム
978-4-881-66963-1,FileMaker Pro 関数・スクリプト サンプル活用辞典 Ver.12/11/10/9/8.5/8対応,関数・スクリプトサンプル活用辞典,野沢　直樹/胡　正則,ソーテック
978-4-883-37682-7,SQL Sever 2008 の教科書,基礎から実践まで学べる,松本　美穂／松本　崇博,ソシム
978-4-883-38434-1,ソニー生命　4000人の情熱,,渡部　靖樹,出版文化社
978-4-883-99957-6,インバウンド・マーケティング,見込み客を引き寄せ、永久顧客にする次世代のマーケティング戦略,すばる舎リンケージ,ブライアン・ハリガン ダーメッシュ・シャア
978-4-888-77655-4,これで成功するやさしい英語でできる研究プレゼン,理工・技術系/経済・社会系の場面別文例と基本スキル,藤井　正嗣、森住　史,日興企画
978-4-889-56237-8,RBI/RBM入門,リスク評価によるメンテナンス,木原　重光/富士　彰夫,JIPMソリューション
978-4-889-56271-2,プラントのプロセス安全,OSHA/PSM・ISO・IEC・APIによるマネジメント,松本　俊次,JIPMソリューション
978-4-889-56276-7,サプライチェーンエクセレンス,SCORモデルによる改革活動ハンドブック,ピーター・ボルストフ/ロバート・ローゼンバウム,JIPMソリューション
978-4-891-00560-3,MCTSスキルチェック問題集　70-536,Microsoft. NET Framwork 2.0アプリケーション開発基礎,トニー ノースラップ 、 ビル ライアン 、 ショーン ワイルダマス 、 Tony Northrup (原著)、 Bill Ryan (原著),日経BPソフトプレス
978-4-891-00617-4,MS WINDOWS SERVER 2008 PKI&認証セキュリティ大全,マイクロソフトITプロフェッショナルシリーズ,Brian Komar 、 (株)日本ユニテック (翻訳),日経BPソフトプレス
978-4-891-00669-3,MICROSOFT SQL SERVER 2008 オフィシャルマニュアル,マイクロソフト公式解説書,William R、 Stanek/株式会社トップスタジオ,日経BPソフトプレス
978-4-893-62136-8,応用事例でわかる遺伝的アルゴリズムプログラミング,,平野　廣美,パーソナルメディア
978-4-894-43661-9,次世代カードソリューション/電子マネー関連ビジネス市場調査要覧 2013,カード素材/アプリケーション/ソリューションビジネスを網羅、電子マネー、NFC等の新ビジネス展開を海外動向を含めて調査,富士キメラ総研,富士キメラ総研
978-4-897-82881-7,労働者派遣と請負・業務委託・出向の実務,労働者派遣と請負等の適正化のために,安西愈,労働調査会
978-4-897-97823-9,メインフレーム実践ハンドブック（CD-ROM付）,z/OS(MVS)、MSP、VOS3のしくみと使い方,神居 俊哉 、 高尾 司 (監修),リックテレコム
978-4-897-97920-5,スマートにプログラミング Android入門編 第3版 SDK4.x対応,,堀切　堤,リックテレコム
978-4-904-33697-7,人事評価はもういらな,成果主義人事の限界,松丘　啓司,ファーストプレス
978-4-904-97600-5,ビジネスアナリシス知識体系ガイド,（BABOKガイド）Version 2.0,IIBA日本支部 BABOK翻訳プロジェクト　監修,IIBA日本支部
978-4-930-71768-9,監査小六法,会社法編　平成27年版,鴻　常夫、江頭　憲治郎,日本監査役協会
978-4-931-23119-1,割賦販売法の解説〈平成20年版〉,,経済産業省商務情報政策局取引信用課,日本クレジット協会
978-4-990-47681-6,ボッシュ自動車ハンドブック 日本語 第3版,,ロバート・ボッシュ/シュタール・ジャパン (翻訳),日経BP社
978-4-990-53633-6,ソフトウェア開発データ白書 2010-2011,SEC BOOKS IT企業2584プロジェクト 実践的活用に役立つ定量データ,独立行政法人 情報処理推進機構 (著、 編集),情報処理推進機構(IPA）ソフトウェアエンジニアセンター（SEC）
978-4-990-57884-8,カード決済のすべて,Payment Card,ペイメントナビ編集部 (著、 編集)、 田中 大輔 、 東 弘樹,ITプランニング
978-4-990-91301-4,モバイルペイメントガイドブック,,ペイメントナビ編集部,ITプランニング
