id,branch,isbn,recorddate,emp_no,buy,price
5111,0,978-4-774-16500-4,2015/5/8,10001,紀伊国屋,2631
5108,0,978-4-873-11629-7,2015/5/8,10001,紀伊国屋,4561
5107,0,978-4-798-13882-4,2015/5/8,10001,紀伊国屋,3782
5109,0,978-4-873-11693-8,2015/5/8,10001,紀伊国屋,2851
5110,0,978-4-048-66202-4,2015/5/8,10001,紀伊国屋,2661
4975,0,978-4-883-99957-6,2012/10/12,10002,紀伊国屋,2194
5079,0,4-8222-6890-X,2014/12/5,10003,紀伊国屋,2566
5083,0,978-4-844-33351-7,2014/12/17,10003,紀伊国屋,4371
5082,0,978-4-844-33711-9,2014/12/17,10003,紀伊国屋,5132
5093,0,978-4-048-66067-9,2015/2/13,10003,紀伊国屋,1710
4995,1,978-4-532-31288-6,2013/6/12,10004,紀伊国屋,1995
4995,2,978-4-532-31288-6,2013/6/12,10004,紀伊国屋,1995
4995,3,978-4-532-31288-6,2013/6/12,10004,紀伊国屋,1995
4995,4,978-4-532-31288-6,2013/6/12,10004,紀伊国屋,1995
4995,5,978-4-532-31288-6,2013/6/12,10004,紀伊国屋,1995
4995,6,978-4-532-31288-6,2013/6/12,10004,紀伊国屋,1995
4995,9,978-4-532-31288-6,2013/6/12,10004,紀伊国屋,1995
4995,10,978-4-532-31288-6,2013/6/12,10004,紀伊国屋,1995
5254,0,978-4-839-95911-1,2017/6/23,10005,紀伊国屋,2640
5255,0,978-4-873-11705-8,2017/6/23,10005,紀伊国屋,4048
4948,0,978-4-897-97823-9,2011/9/6,10006,紀伊国屋,8778
5129,0,978-4-844-33722-5,2015/10/8,10007,紀伊国屋,2261
4926,0,978-4-539-74522-9,2010/10/21,10008,立替,1680
4942,0,978-4-845-21292-7,2011/6/8,10008,労政時報,2494
4976,0,978-4-539-74566-3,2012/10/17,10008,立替,1680
5008,0,978-4-539-74576-2,2013/10/25,10008,立替,1680
5067,0,978-4-539-74566-3,2014/10/15,10008,紀伊国屋,1641
5210,0,978-4-539-74615-8,2016/10/21,10008,紀伊國屋,1710
5113,0,978-4-822-29825-8,2015/5/29,10009,紀伊国屋,4466
4922,0,978-1-933-89068-5,2010/10/4,10010,PMI日本支部,6400
5100,0,978-4-502-23190-2,2015/4/9,10010,立替,3024
5146,0,978-4-845-25353-1,2015/11/16,10011,自動送付,5266
5217,0,978-4-845-26352-3,2016/11/15,10011,自動送付,6583
5223,0,978-4-845-27251-8,2016/12/22,10011,自動送付,3700
5228,0,978-4-845-27252-5,2017/2/20,10011,自動送付,7200
5151,0,978-4-798-14259-3,2015/12/1,10012,紀伊国屋,3611
5009,0,978-4-398-68067-9,2013/10/28,10012,紀伊国屋,798
4933,0,978-4-334-03488-7,2010/11/7,10013,立替,777
5070,0,4-7973-5823-8,2014/10/28,10014,紀伊国屋,4104
4950,0,978-4-877-60163-8,2011/9/20,10014,立替,7140
5190,0,978-4-774-17521-8,2016/6/22,10015,紀伊國屋,4224
4925,0,978-4-904-97600-5,2010/10/19,10016,IIBA日本出版事務局,6000
5189,0,978-4-767-61228-7,2016/6/20,10017,紀伊國屋,9504
4987,0,978-4-492-97226-7,2013/3/22,10018,紀伊国屋,1852
4988,0,978-4-492-97227-4,2013/3/22,10018,紀伊国屋,1852
4968,0,978-4-767-61224-9,2012/6/19,10019,立替,9660
4973,0,978-4-863-74100-3,2012/8/27,10019,立替,3399
4993,0,978-4-767-67013-3,2013/5/24,10019,紀伊国屋,7700
4996,0,978-4-767-61225-6,2013/6/21,10019,紀伊国屋,10374
5005,0,978-4-862-53315-9,2013/9/11,10019,高速道路総合技術研究所,6000
5044,0,978-4-767-67014-0,2014/5/27,10019,紀伊国屋,7524
5048,0,978-4-767-61226-3,2014/6/24,10019,紀伊国屋,10670
5058,0,4-7676-1211-X,2014/9/19,10019,立替,6200
4906,0,978-4-891-00617-4,2010/8/26,10020,立替,9975
4910,0,978-4-873-11458-3,2010/9/1,10020,立替,3570
4911,0,978-4-844-32780-6,2010/9/1,10020,立替,3360
4945,0,978-4-478-01474-5,2011/7/20,10020,立替,2940
4944,0,978-4-478-00496-8,2011/7/20,10020,立替,2940
5069,0,4-7973-7267-2,2014/10/28,10021,紀伊国屋,748
5147,0,978-4-798-04093-6,2015/11/17,10022,立替,5400
5202,0,978-4-798-04093-6,2016/8/24,10023,立替購入,5400
5203,0,978-4-798-03817-9,2016/8/24,10023,立替購入,3024
4947,0,978-4-822-22719-7,2011/7/26,10024,立替,7800
4865,0,978-4-888-77655-4,2009/12/17,10025,立替,2940
4891,0,978-4-478-76099-4,2010/6/11,10025,紀伊国屋,2194
4890,0,978-4-478-41023-3,2010/6/11,10025,紀伊国屋,1995
4959,0,978-4-822-22973-3,2012/2/2,10025,紀伊国屋,2100
4958,0,978-4-822-21185-1,2012/2/2,10025,紀伊国屋,2100
5247,0,978-4-798-14760-4,2017/5/9,10026,紀伊國屋,2640
4955,0,978-4-539-74552-6,2011/10/24,10027,立替,1680
4927,1,978-4-122-04737-2,2010/10/27,10027,紀伊国屋,645
4927,2,978-4-122-04737-2,2010/10/27,10027,紀伊国屋,645
4927,3,978-4-122-04737-2,2010/10/27,10027,紀伊国屋,645
4927,4,978-4-122-04737-2,2010/10/27,10027,紀伊国屋,645
4927,5,978-4-122-04737-2,2010/10/27,10027,紀伊国屋,645
4927,6,978-4-122-04737-2,2010/10/27,10027,紀伊国屋,645
4927,7,978-4-122-04737-2,2010/10/27,10027,紀伊国屋,645
4927,8,978-4-122-04737-2,2010/10/27,10027,紀伊国屋,645
4927,9,978-4-122-04737-2,2010/10/27,10027,紀伊国屋,645
4927,10,978-4-122-04737-2,2010/10/27,10027,紀伊国屋,645
5193,0,978-1-634-62117-5,2016/7/1,10028,紀伊國屋,4257
5097,0,978-4-873-11695-2,2015/3/18,10029,紀伊国屋,2851
5099,0,978-4-873-11313-5,2015/3/18,10029,紀伊国屋,6272
4941,0,978-4-845-21291-0,2011/5/18,10030,労政時報,1796
5051,0,978-4-798-12862-7,2014/8/12,10031,立替,3888
5169,0,978-4-798-04388-3,2016/2/22,10031,立替,3672
4984,0,978-4-894-43661-9,2012/12/19,10032,富士キメラ総研,157500
5006,0,978-4-990-57884-8,2013/10/8,10032,紀伊国屋,4987
5025,0,978-4-322-12122-3,2014/2/14,10032,紀伊国屋,2100
5065,0,978-4-534-05072-4,2014/10/9,10033,紀伊国屋,1641
5066,0,978-4-534-04562-1,2014/10/15,10033,紀伊国屋,1436
4957,0,978-4-863-58102-9,2011/10/26,10034,立替,2940
4889,0,978-4-844-32780-6,2010/6/10,10035,立替,3360
4907,0,978-4-904-97600-5,2010/8/31,10036,IIBA日本出版事務局,6000
4899,0,978-4-798-02548-3,2010/7/9,10037,紀伊国屋,4488
4900,0,978-4-798-02607-7,2010/7/9,10037,紀伊国屋,4688
5056,0,4-7981-3948-3,2014/9/2,10038,紀伊国屋,5950
4991,0,978-4-798-12630-2,2013/5/23,10039,紀伊国屋,2793
4992,0,978-4-844-33331-9,2013/5/23,10039,紀伊国屋,1376
4990,0,978-4-774-15499-2,2013/5/23,10039,紀伊国屋,2972
4989,0,978-4-897-97920-5,2013/5/23,10039,紀伊国屋,3192
5173,0,978-4-798-02655-8,2016/4/15,10040,紀伊国屋,2566
4852,0,978-4-883-38434-1,2009/9/30,10041,立替,1600
4853,0,978-4-534-04083-1,2009/9/30,10041,立替,1365
5118,0,978-4-798-13179-5,2015/7/9,10042,紀伊国屋,3421
5119,0,978-4-822-29813-5,2015/7/9,10042,紀伊国屋,2661
4846,0,978-4-766-85607-1,2009/8/26,10043,立替,2940
4845,0,978-4-766-85661-3,2009/8/26,10043,立替,2940
5059,0,978-4-873-11645-7,2014/9/19,10044,紀伊国屋,3078
5061,0,978-4-492-58103-2,2014/10/2,10044,紀伊国屋,2257
5063,0,978-4-774-16286-7,2014/10/7,10044,紀伊国屋,2749
5064,0,978-4-774-16424-3,2014/10/7,10044,紀伊国屋,2031
5209,0,978-4-844-33961-8,2016/10/3,10044,紀伊國屋,4371
5207,0,978-4-797-38284-6,2016/10/3,10044,紀伊國屋,3231
5208,0,978-4-797-38048-4,2016/10/3,10044,紀伊國屋,2613
5141,0,978-4-339-02395-4,2015/11/11,10045,立替,2808
5140,0,978-4-893-62136-8,2015/11/11,10045,立替,4104
5230,0,978-4-798-14994-3,2017/3/1,10046,紀伊國屋,3306
5235,0,978-4-822-23913-8,2017/3/16,10046,紀伊國屋,2552
5236,0,978-4-865-94043-5,2017/3/17,10046,紀伊國屋,1936
5224,0,978-4-797-38262-4,2017/2/3,10047,紀伊國屋,1331
4869,0,978-4-798-03823-0,2010/2/2,10048,立替,1470
5225,0,978-4-542-70177-9,2017/2/8,10049,紀伊國屋,3611
5101,0,978-4-930-71768-9,2015/4/14,10050,直接申込,3940
4843,0,978-4-798-10553-6,2009/7/28,10051,立替,6090
4937,0,978-4-391-63026-8,2011/3/2,10052,立替,689
5001,0,978-4-839-92829-2,2013/7/19,10053,紀伊国屋,3790
5002,0,978-4-048-68476-7,2013/7/19,10053,紀伊国屋,3790
5000,0,978-4-798-12241-0,2013/7/19,10053,紀伊国屋,4369
5102,0,978-4-774-15715-3,2015/4/20,10053,立替,3110
4929,0,978-4-839-92972-5,2010/10/28,10054,立替,4095
4928,0,978-0-321-55346-1,2010/10/28,10054,立替,5119
5122,0,978-4-798-13558-8,2015/8/24,10055,立替,4536
4882,0,978-4-891-00669-3,2010/4/13,10056,紀伊国屋,7581
5010,0,978-4-845-23353-3,2013/11/19,10057,労政時報,5120
5017,0,978-4-845-23362-5,2013/12/6,10057,労政時報,3024
5213,0,978-4-798-04553-5,2016/11/8,10058,紀伊國屋,1710
4871,0,978-4-489-02000-1,2010/2/18,10059,立替,2520
4964,0,978-4-931-23119-1,2012/5/9,10060,日本クレジット協会,3990
5232,1,978-4-798-12971-6,2017/3/6,10061,紀伊國屋,2112
5232,2,978-4-798-12971-6,2017/3/6,10061,紀伊國屋,2112
5232,3,978-4-798-12971-6,2017/3/6,10061,紀伊國屋,2112
5232,4,978-4-798-12971-6,2017/3/6,10061,紀伊國屋,2112
5232,5,978-4-798-12971-6,2017/3/6,10061,紀伊國屋,2112
5232,6,978-4-798-12971-6,2017/3/6,10061,紀伊國屋,2112
5232,7,978-4-798-12971-6,2017/3/6,10061,紀伊國屋,2112
5232,8,978-4-798-12971-6,2017/3/6,10061,紀伊國屋,2112
5071,0,978-4-797-37351-6,2014/11/7,10062,紀伊国屋,2831
4901,0,978-4-539-74531-1,2010/7/13,10063,立替,1995
4980,0,978-4-502-68920-8,2012/11/5,10063,立替,2730
5023,0,978-4-539-74571-7,2014/1/20,10063,立替,1995
5149,0,978-4-539-74603-5,2015/11/20,10063,紀伊国屋,1520
5148,0,978-4-539-74599-1,2015/11/20,10063,紀伊国屋,1805
5180,0,978-4-433-54045-6,2016/6/3,10063,紀伊国屋,1900
5219,0,978-4-904-33697-7,2016/11/29,10063,紀伊國屋,1425
4960,0,978-4-805-91344-4,2012/3/6,10064,紀伊国屋,4987
4851,0,978-4-798-02329-8,2009/8/18,10065,紀伊国屋,3511
4844,0,978-4-844-32730-1,2009/8/25,10065,紀伊国屋,1940
4848,0,978-4-798-01800-3,2009/9/11,10065,紀伊国屋,2402
4903,0,978-0-735-62562-4,2010/8/11,10065,紀伊国屋,7788
4930,0,978-4-425-71382-0,2010/11/16,10065,立替,3990
4931,0,978-4-798-02401-1,2010/12/16,10065,立替,3360
4946,0,978-4-877-83209-4,2011/7/21,10065,紀伊国屋,4488
5050,0,978-4-048-91985-2,2014/7/31,10065,紀伊国屋,4001
5132,0,978-4-798-12460-5,2015/10/20,10065,紀伊国屋,3991
5133,0,978-4-798-12054-6,2015/10/20,10065,紀伊国屋,5132
5131,0,978-4-798-04216-9,2015/10/20,10065,紀伊国屋,3041
5200,0,978-4-774-18316-9,2016/8/12,10065,紀伊国屋,3456
5211,0,978-4-774-15680-4,2016/10/28,10065,紀伊國屋,3421
5049,0,978-4-526-06557-6,2014/7/15,10066,紀伊国屋,2462
4840,0,978-4-492-55555-2,2009/7/30,10067,立替,1680
4841,0,978-4-806-13346-9,2009/7/30,10067,立替,1680
4842,0,978-4-492-55652-8,2009/8/6,10067,立替,1575
4847,0,978-4-569-67060-7,2009/8/25,10067,立替,600
4859,0,978-4-492-53112-9,2009/9/9,10067,立替,2310
4858,0,978-4-061-83630-3,2009/9/9,10067,立替,470
4860,0,978-4-478-49027-3,2009/9/9,10067,立替,2940
4857,0,978-4-833-41664-1,2009/9/10,10067,立替,680
4874,0,978-4-492-55555-2,2010/3/2,10067,立替,1680
4894,0,978-4-782-30218-7,2010/6/22,10067,立替,1785
4893,0,978-4-569-67061-4,2010/6/22,10067,立替,1680
4892,0,978-4-492-55527-9,2010/6/22,10067,立替,2310
4909,0,978-4-806-13190-8,2010/8/31,10067,立替,1680
4908,0,978-4-822-29183-9,2010/8/31,10067,立替,1680
4932,0,978-4-492-55655-9,2011/1/6,10067,立替,1680
4999,0,978-4-990-57884-8,2013/7/3,10068,紀伊国屋,4987
5162,0,978-4-799-10432-3,2016/1/21,10069,紀伊国屋,1520
5157,0,978-4-862-76085-2,2016/1/21,10069,紀伊国屋,1710
5158,0,978-4-797-37698-2,2016/1/21,10069,紀伊国屋,1235
5160,0,978-4-492-53112-9,2016/1/21,10069,紀伊国屋,2090
5161,0,978-4-492-55555-2,2016/1/21,10069,紀伊国屋,1520
5156,0,978-4-478-00553-8,2016/1/21,10069,紀伊国屋,2214
5155,0,978-4-478-49034-1,2016/1/21,10069,紀伊国屋,2280
4935,0,978-4-534-04754-0,2011/2/14,10070,紀伊国屋,2394
4934,0,978-4-322-11731-8,2011/2/14,10070,紀伊国屋,3591
4943,0,978-4-492-68130-5,2011/6/29,10070,紀伊国屋,3291
4961,0,978-4-478-38040-6,2012/3/16,10071,紀伊国屋,2793
4962,0,978-4-822-23132-3,2012/3/19,10071,紀伊国屋,5699
4985,0,978-4-904-97600-5,2013/1/16,10071,IIBA日本出版事務局,6000
4939,0,978-4-844-32610-6,2011/5/9,10072,立替,5250
4912,0,978-4-889-56237-8,2010/9/2,10072,立替,2415
4915,0,978-4-889-56271-2,2010/9/2,10072,立替,4200
4914,0,978-4-274-50099-2,2010/9/2,10072,立替,2940
4913,0,978-4-621-06231-9,2010/9/2,10072,立替,6090
4916,0,978-4-798-02441-7,2010/9/2,10072,立替,1365
4949,0,978-4-254-27005-1,2011/9/7,10072,立替,7140
5038,0,978-4-881-66963-1,2014/4/4,10072,アマゾン,2940
5036,0,978-4-800-71039-0,2014/4/4,10072,アマゾン,2814
5037,0,978-4-798-04038-7,2014/4/4,10072,アマゾン,2079
5039,0,978-4-798-13336-2,2014/4/4,10072,アマゾン,2940
5243,0,978-4-822-24994-6,2017/4/14,10072,紀伊國屋,1584
5242,0,978-4-766-42179-8,2017/4/14,10072,紀伊國屋,5280
5244,0,978-4-822-27666-9,2017/4/14,10072,紀伊國屋,2640
5245,0,978-4-478-03916-8,2017/4/14,10072,紀伊國屋,1936
5105,0,978-4-822-27380-4,2015/4/21,10073,紀伊国屋,1710
5104,0,978-4-822-22535-3,2015/4/21,10073,紀伊国屋,950
4838,0,978-4-798-11967-0,2009/7/15,10074,紀伊国屋,3511
4895,0,978-4-891-00560-3,2010/6/25,10074,紀伊国屋,3790
4884,0,978-4-873-11428-6,2010/4/27,10075,立替,3360
5060,0,978-4-798-13410-9,2014/10/2,10075,立替,3110
5068,0,978-4-774-16570-7,2014/10/21,10075,立替,3218
5088,0,978-4-798-13850-3,2015/1/19,10075,立替,3110
5087,0,978-4-798-13850-3,2015/1/19,10075,立替,3110
5086,0,978-4-798-13850-3,2015/1/19,10075,立替,3110
5092,0,978-4-897-82881-7,2015/1/26,10076,紀伊国屋,2716
5121,0,978-4-532-11273-8,2015/7/24,10076,紀伊国屋,816
5216,0,978-4-774-18037-3,2016/11/14,10077,紀伊國屋経由,3326
5218,0,978-4-800-71116-8,2016/11/18,10077,紀伊國屋,3021
5138,0,978-4-774-16335-2,2015/11/10,10078,紀伊国屋,3041
5139,0,978-4-844-33451-4,2015/11/10,10078,紀伊国屋,3041
5137,0,978-4-798-14138-1,2015/11/10,10078,紀伊国屋,2546
5145,0,978-4-844-33565-8,2015/11/13,10078,紀伊国屋,2851
5144,0,978-4-798-13451-2,2015/11/13,10078,紀伊国屋,2661
5175,0,978-4-798-04427-9,2016/4/28,10078,紀伊国屋,2756
5220,0,978-4-990-91301-4,2016/12/16,10078,直接購入,5000
5166,0,978-4-797-38449-9,2016/2/16,10079,紀伊国屋,3231
4886,0,978-4-822-26229-7,2010/6/2,10080,紀伊国屋,1596
4888,0,978-4-822-26209-9,2010/6/8,10080,紀伊国屋,1995
4965,0,978-4-822-26256-3,2012/6/7,10080,紀伊国屋,2793
5030,0,978-4-542-30636-3,2014/3/18,10081,紀伊国屋,2394
5029,0,978-4-798-03211-5,2014/3/18,10081,紀伊国屋,1795
5028,0,978-4-798-03398-3,2014/3/18,10081,紀伊国屋,2793
5031,0,978-4-274-50226-2,2014/3/24,10081,紀伊国屋,2593
5045,0,978-4-542-50179-9,2014/6/18,10081,紀伊国屋,2052
5120,0,978-4-873-11645-7,2015/7/10,10082,紀伊国屋,2851
4936,0,978-4-990-53633-6,2011/2/16,10083,立替,2000
5034,0,978-4-891-00669-3,2014/4/1,10083,紀伊国屋,7581
5035,0,978-4-798-11292-3,2014/4/1,10083,紀伊国屋,5785
5033,0,978-4-883-37682-7,2014/4/1,10083,紀伊国屋,3391
4878,0,978-4-774-11966-3,2010/4/2,10084,立替,2499
4880,0,978-4-798-02224-6,2010/4/2,10084,立替,2100
4879,0,978-4-774-13567-0,2010/4/2,10084,立替,2289
4902,0,978-4-897-97823-9,2010/7/28,10085,紀伊国屋,8778
4998,0,978-4-641-10473-0,2013/6/28,10086,紀伊国屋,11770
4887,0,978-4-797-35823-0,2010/6/3,10087,立替,4200
4904,0,978-4-822-29407-6,2010/8/18,10087,立替,3990
5024,0,978-4-889-56276-7,2014/2/13,10088,立替,3360
4896,0,978-4-873-11417-0,2010/6/29,10089,紀伊国屋,3391
4898,0,978-4-839-93414-9,2010/6/29,10089,紀伊国屋,3591
4897,0,978-4-822-28371-1,2010/6/29,10089,紀伊国屋,2992
4924,0,978-0-470-63517-9,2010/10/12,10089,紀伊国屋,5670
5012,0,978-4-425-71541-1,2013/11/26,10090,紀伊国屋,3690
5015,0,978-4-425-56071-4,2013/11/26,10090,紀伊国屋,2793
5013,0,978-4-425-71491-9,2013/11/26,10090,紀伊国屋,4189
5014,0,978-4-425-71481-0,2013/11/26,10090,紀伊国屋,3591
5011,0,978-4-425-71531-2,2013/11/26,10090,紀伊国屋,4588
5016,0,978-4-425-71431-5,2013/12/3,10090,紀伊国屋,3591
5027,0,978-4-303-52820-1,2014/3/14,10090,紀伊国屋,3491
5154,1,978-4-425-71383-7,2016/1/19,10090,紀伊国屋,5702
5154,2,978-4-425-71383-7,2016/1/19,10090,紀伊国屋,5702
5154,3,978-4-425-71383-7,2016/1/19,10090,紀伊国屋,5702
5240,1,978-4-798-14259-3,2017/3/29,10091,立替,3800
5240,2,978-4-798-14259-3,2017/3/29,10091,立替,3800
5240,3,978-4-798-14259-3,2017/3/29,10091,立替,3800
5179,0,978-4-817-19517-3,2016/5/27,10092,紀伊国屋,3041
5103,0,978-4-822-29828-9,2015/4/21,10093,紀伊国屋,3041
5106,0,978-4-798-13680-6,2015/4/28,10093,紀伊国屋,5512
5123,0,978-4-774-17266-8,2015/8/26,10093,紀伊国屋,2661
5152,0,978-4-845-25361-6,2015/12/4,10094,自動送付,3110
5167,0,978-4-845-26271-7,2016/2/16,10094,直接送付,2376
5170,0,978-4-845-26272-4,2016/3/7,10094,直接送付,3110
5040,0,978-4-822-27502-0,2014/4/4,10095,立替,8640
5041,0,978-4-990-47681-6,2014/4/7,10095,立替,9288
